ID,1
480,
742,
743,
744,
745,
793,
794,
800,
801,
802,
948,
949,
954,
955,
956,
1512,
1513,
1552,
1553,
1554,
1558,
1559,
1560,
1561,
1637,
1638,
1639,
1717,
1718,
1719,
1720,
1721,
1901,
1985,
1986,
1987,
1988,
1989,
1990,
1991,
2037,
2038,
2039,
2040,
2041,
2042,
2043,
2073,
2074,
2075,
2076,
2077,
2078,
2079,
2115,
2116,
2117,
2118,
2119,
2120,
2121,
2147,
2148,
2149,
2180,
2181,
2182,
2183,
2184,
2206,
2207,
2274,
2275,
2316,
2317,
2318,
2319,
2320,
2322,
2323,
2357,
2358,
2360,
2361,
2362,
2363,
2364,
2489,
2491,
2492,
2493,
2494,
2521,
2522,
2523,
2524,
2525,
2527,
2568,
2570,
2571,
2572,
2573,
2574,
2575,
2605,
2606,
2607,
2608,
2636,
2637,
2638,
2639,
2642,
2643,
2644,
2672,
2673,
2674,
2676,
2677,
2678,
2679,
2712,
2717,
2718,
2719,
2749,
2751,
2752,
2771,
2772,
2773,
2774,
2776,
2777,
2778,
2842,
2843,
2844,
2845,
2881,
2882,
2883,
2884,
2885,
2886,
2887,
2918,
2919,
2920,
2921,
2922,
2952,
2953,
2954,
2955,
2956,
2957,
3026,
3027,
3028,
3029,
3030,
3031,
3184,
3185,
3186,
3187,
3188,
3189,
3190,
3395,
3396,
3397,
3398,
3399,
3400,
3401,
3436,
3437,
3438,
3439,
3440,
3497,
3498,
3499,
3500,
3501,
3502,
3503,
3588,
3589,
3590,
3623,
3624,
3625,
3626,
3627,
3652,
3653,
3654,
3659,
3660,
3661,
3687,
3688,
3689,
3690,
3695,
3696,
3697,
3721,
3722,
3723,
3724,
3725,
3726,
3727,
3755,
3756,
3757,
3758,
3759,
3760,
3761,
3790,
3791,
3792,
3793,
3794,
3795,
3796,
3821,
3822,
3823,
3825,
3826,
3827,
3828,
3852,
3853,
3854,
3910,
3911,
3912,
3914,
3915,
3916,
3917,
3918,
3919,
3921,
3922,
3923,
3971,
3972,
3973,
3975,
3976,
3977,
3978,
4001,
4002,
4003,
4004,
4006,
4007,
4008,
4026,
4027,
4028,
4029,
4030,
4031,
4057,
4059,
4060,
4061,
4062,
4063,
4064,
4095,
4096,
4097,
4098,
4099,
4100,
4156,
4157,
4158,
4159,
4160,
4161,
4184,
4185,
4186,
4187,
4188,
4189,
4190,
4268,
4269,
4270,
4271,
4272,
4273,
4274,
4291,
4292,
4298,
4332,
4333,
4334,
4335,
4336,
4337,
4338,
4379,
4380,
4381,
4382,
4383,
4384,
4385,
4415,
4416,
4417,
4418,
4419,
4420,
4421,
4450,
4451,
4452,
4453,
4454,
4455,
4456,
4481,
4482,
4483,
4488,
4489,
4490,
4534,
4535,
4536,
4537,
4540,
4541,
4542,
4580,
4581,
4582,
4586,
4587,
4588,
4589,
4603,
4604,
4605,
4606,
4609,
4610,
4611,
4614,
4651,
4653,
4654,
4655,
4656,
4657,
4658,
4678,
4679,
4680,
4681,
4682,
4683,
4684,
4700,
4701,
4703,
4704,
4722,
4723,
4725,
4726,
4727,
4728,
4729,
4749,
4751,
4752,
4753,
4754,
4755,
4756,
4784,
4785,
4786,
4787,
4788,
4789,
4791,
4824,
4826,
4827,
4828,
4829,
4830,
4831,
4866,
4867,
4868,
4869,
4870,
4871,
4905,
4906,
4907,
4909,
4910,
4922,
4923,
4924,
4925,
4927,
4928,
4929,
4963,
4964,
4965,
4970,
4971,
4972,
4973,
4979,
4980,
4981,
4992,
5004,
5005,
5006,
5007,
5009,
5010,
5011,
5021,
5022,
5023,
5025,
5026,
5027,
5028,
5067,
5068,
5069,
5082,
5083,
5084,
5086,
5087,
5088,
5089,
5090,
5091,
5092,
5093,
5094,
5095,
5096,
5110,
5111,
5112,
5114,
5115,
5116,
5134,
5135,
5136,
5137,
5138,
5139,
5140,
5151,
5152,
5153,
5154,
5155,
5156,
5157,
5169,
5170,
5185,
5186,
5187,
5193,
5194,
5201,
5202,
5208,
5209,
5222,
5223,
5224,
5226,
5227,
5228,
5229,
5230,
5231,
5232,
5233,
5235,
5236,
5237,
5268,
5269,
5270,
5272,
5273,
5274,
5275,
5302,
5303,
5304,
5305,
5306,
5307,
5308,
5310,
5315,
5316,
5317,
5318,
5319,
5332,
5333,
5334,
5335,
5336,
5337,
5352,
5353,
5355,
5356,
5357,
5358,
5359,
5360,
5361,
5362,
5364,
5365,
5384,
5385,
5387,
5388,
5389,
5399,
5400,
5401,
5402,
5403,
5404,
5405,
5418,
5419,
5420,
5422,
5423,
5424,
5425,
5426,
5427,
5429,
5430,
5431,
5436,
5437,
5438,
5439,
5445,
5446,
5447,
5449,
5450,
5473,
5474,
5475,
5476,
5477,
5501,
5502,
5503,
5504,
5505,
5506,
5507,
5508,
5509,
5510,
5511,
5512,
5513,
5514,
5529,
5530,
5531,
5532,
5533,
5534,
5535,
5545,
5546,
5547,
5549,
5550,
5551,
5552,
5564,
5565,
5566,
5567,
5568,
5569,
5570,
5571,
5572,
5573,
5574,
5587,
5588,
5589,
5590,
5591,
5593,
5594,
5599,
5600,
5601,
5602,
5614,
5615,
5616,
5617,
5618,
5620,
5628,
5629,
5630,
5632,
5633,
5634,
5635,
5636,
5637,
5638,
5639,
5641,
5642,
5643,
5652,
5653,
5654,
5657,
5658,
5663,
5664,
5665,
5666,
5667,
5668,
5669,
5673,
5674,
5676,
5677,
5694,
5695,
5696,
5697,
5698,
5699,
5700,
5713,
5714,
5716,
5717,
5718,
5719,
5720,
5721,
5722,
5723,
5724,
5725,
5727,
5728,
5736,
5737,
5739,
5740,
5741,
5742,
5743,
5748,
5749,
5750,
5751,
5753,
5754,
5763,
5764,
5765,
5767,
5768,
5769,
5770,
5775,
5776,
5777,
5778,
5779,
5781,
5782,
5791,
5792,
5794,
5795,
5796,
5799,
5800,
5801,
5802,
5804,
5805,
5806,
5815,
5816,
5818,
5819,
5820,
5822,
5823,
5824,
5825,
5827,
5828,
5837,
5839,
5840,
5841,
5842,
5843,
5844,
5845,
5846,
5847,
5848,
5849,
5851,
5852,
5863,
5864,
5866,
5867,
5868,
5869,
5870,
5871,
5872,
5873,
5874,
5876,
5883,
5884,
5886,
5887,
5888,
5889,
5890,
5891,
5892,
5893,
5894,
5895,
5896,
5898,
5905,
5906,
5908,
5909,
5910,
5911,
5912,
5913,
5914,
5915,
5916,
5917,
5919,
5920,
5926,
5927,
5928,
5929,
5930,
5931,
5932,
5942,
5943,
5944,
5945,
5946,
5947,
5948,
5957,
5958,
5959,
5960,
5961,
5962,
5963,
5970,
5971,
5975,
5976,
5977,
5978,
5979,
5980,
5981,
6001,
6002,
6003,
6004,
6005,
6006,
6007,
6008,
6009,
6010,
6011,
6012,
6013,
6014,
6017,
6018,
6019,
6024,
6025,
6026,
6027,
6028,
6029,
6030,
6036,
6037,
6040,
6041,
6046,
6047,
6048,
6049,
6050,
6051,
6052,
6053,
6054,
6056,
6057,
6058,
6061,
6062,
6067,
6068,
6069,
6070,
6071,
6072,
6073,
6074,
6078,
6079,
6082,
6083,
6084,
6085,
6086,
6087,
6088,
6089,
6090,
6091,
6092,
6093,
6094,
6095,
6096,
6097,
6098,
6099,
6100,
6101,
6102,
6103,
6104,
6105,
6107,
6108,
6109,
6110,
6111,
6112,
6113,
6114,
6115,
6116,
6117,
6118,
6119,
6120,
6121,
6122,
6123,
6124,
6125,
6126,
6127,
6128,
6129,
6130,
6131,
6132,
6133,
6134,
6135,
6136,
6137,
6138,
6139,
6140,
6141,
6142,
6143,
6144,
6145,
6146,
6147,
6148,
6149,
6150,
6151,
6152,
6153,
6154,
6155,
6156,
6157,
6158,
6159,
6160,
6161,
6162,
6163,
6164,
6165,
6167,
6168,
6169,
6170,
6171,
6172,
6173,
6174,
6175,
6176,
6177,
6178,
6180,
6181,
6182,
6183,
6184,
6185,
6186,
6187,
6188,
6189,
6190,
6191,
6192,
6193,
6194,
6195,
6196,
6197,
6198,
6199,
6200,
6201,
6202,
6203,
6204,
6205,
6206,
6207,
6208,
6209,
6210,
6211,
6212,
6213,
6214,
6215,
6216,
6217,
6218,
6219,
6220,
6221,
6222,
6223,
6224,
6225,
6226,
6227,
6228,
6229,
6230,
6231,
6232,
6233,
6234,
6235,
7041,
7042,
7043,
7044,
7045,
7046,
7047,
7656,
7657,
7658,
8092,
8093,
8094,
8095,
8096,
8097,
8098,
8248,
8249,
8250,
8406,
8407,
8408,
8409,
8410,
8411,
8412,
8637,
8638,
8639,
8640,
8641,
8642,
8643,
8698,
8699,
8700,
8701,
8702,
8703,
8704,
8885,
8902,
8903,
8904,
9051,
9052,
9053,
9054,
9055,
9056,
9057,
9058,
9363,
9364,
9365,
9366,
9367,
9368,
9386,
9387,
9388,
9389,
9391,
9412,
9414,
9415,
9416,
9417,
9418,
9419,
9434,
9439,
9440,
9441,
9442,
9459,
9460,
9461,
9462,
9463,
9464,
9479,
9480,
9481,
9482,
9524,
9525,
9526,
9527,
9528,
9529,
9545,
9551,
9552,
9569,
9570,
9576,
9577,
9578,
9630,
9643,
9644,
9645,
9650,
9651,
9668,
9669,
9670,
9673,
9674,
9675,
9694,
9699,
9700,
9701,
9721,
9723,
9724,
9725,
9741,
9742,
9743,
9745,
9754,
9756,
9757,
9758,
9759,
9825,
9826,
9827,
9828,
9829,
9864,
9865,
9866,
9867,
9868,
9884,
9885,
9886,
9888,
9893,
9913,
9915,
9916,
9917,
9918,
9919,
9939,
9940,
9941,
9942,
9943,
9944,
9945,
9962,
9963,
9964,
9966,
9967,
9989,
9990,
9992,
9993,
9994,
9995,
10014,
10015,
10016,
10054,
10055,
10056,
10058,
10059,
10060,
10099,
10100,
10101,
10102,
10103,
10126,
10131,
10132,
10133,
10155,
10156,
10157,
10158,
10159,
10160,
10176,
10182,
10183,
10184,
10200,
10201,
10202,
10208,
10209,
10210,
10221,
10227,
10228,
10229,
10247,
10248,
10249,
10250,
10251,
10252,
10279,
10281,
10282,
10283,
10284,
10312,
10313,
10314,
10317,
10318,
10319,
10320,
10349,
10350,
10351,
10352,
10446,
10447,
10448,
10449,
10450,
10531,
10532,
10533,
10534,
10535,
10536,
10576,
10581,
10582,
10633,
10634,
10635,
10636,
10637,
10638,
10639,
10658,
10659,
10660,
10661,
10662,
10663,
10664,
10665,
10666,
10667,
10668,
10669,
10671,
10672,
10720,
10721,
10723,
10724,
10725,
10726,
10727,
10747,
10748,
10749,
10821,
10900,
10901,
10902,
10903,
10963,
10964,
10965,
10966,
10967,
11144,
11174,
11175,
11176,
11178,
11179,
11180,
11212,
11213,
11214,
11215,
11274,
11275,
11276,
11277,
11279,
11280,
11306,
11307,
11309,
11310,
11311,
11312,
11313,
11334,
11335,
11336,
11337,
11338,
11339,
11340,
11341,
11342,
11343,
11344,
11345,
11346,
11378,
11379,
11380,
11381,
11382,
11383,
11384,
11409,
11410,
11411,
11412,
11440,
11441,
11442,
11443,
11465,
11466,
11467,
11468,
11499,
11500,
11501,
11502,
11503,
11504,
11505,
11690,
11691,
11692,
11693,
11694,
11941,
12297,
12298,
12299,
12300,
12346,
12347,
12348,
12349,
12350,
12351,
12505,
12506,
12566,
12567,
12568,
12572,
12627,
12628,
12629,
12630,
12672,
12673,
12675,
12676,
13272,
13274,
13275,
13276,
13277,
13278,
13279,
13398,
13399,
13401,
13407,
13408,
13546,
13548,
13549,
13550,
13588,
13589,
13590,
13592,
13593,
13594,
13653,
13654,
13655,
13727,
13728,
13729,
13735,
13736,
13737,
13738,
13884,
13885,
13886,
13887,
13888,
13889,
13890,
14030,
14031,
14032,
14033,
14315,
14316,
14317,
14360,
14361,
14362,
14363,
14364,
14365,
14469,
14474,
14475,
14476,
14477,
14537,
14643,
14644,
14645,
14763,
14764,
14765,
14771,
14772,
14773,
14774,
15109,
15110,
15111,
15327,
15328,
15329,
15331,
15332,
15333,
15334,
15395,
15486,
15488,
15489,
15490,
15491,
15492,
15493,
15579,
15614,
15615,
15617,
15618,
15619,
15620,
15621,
15668,
15670,
15671,
15672,
15673,
15674,
15758,
15763,
15764,
15765,
15808,
15809,
15810,
15811,
15812,
15869,
15870,
15872,
15873,
15874,
15875,
15907,
15908,
15909,
15910,
15911,
15912,
15913,
15941,
15942,
15943,
15944,
15945,
15946,
16015,
16017,
16018,
16019,
16020,
16021,
16022,
16065,
16070,
16071,
16130,
16131,
16132,
16137,
16162,
16163,
16166,
16167,
16168,
16196,
16197,
16198,
16202,
16203,
16204,
16205,
16262,
16263,
16265,
16266,
16267,
16294,
16295,
16296,
16297,
16299,
16300,
16301,
16556,
16557,
16558,
16559,
16649,
16650,
16651,
16652,
16653,
16654,
16655,
16656,
16657,
16774,
16823,
16824,
16825,
16826,
16827,
16828,
16829,
16830,
16831,
16832,
16843,
16860,
16862,
16863,
16864,
16865,
16866,
16867,
16868,
16869,
16870,
16871,
16872,
16873,
16875,
16878,
16879,
16880,
16881,
16882,
16883,
16884,
16973,
16974,
16975,
16976,
16977,
16978,
16979,
16980,
16981,
16982,
16983,
16984,
16985,
16986,
16987,
16988,
16989,
16990,
16991,
16992,
16993,
16994,
16995,
16996,
16997,
16998,
16999,
17000,
17001,
17002,
17003,
17004,
17005,
17006,
17007,
17008,
17009,
17010,
17011,
17012,
17013,
17014,
17015,
17016,
17017,
17018,
17019,
17020,
17021,
17022,
17023,
17024,
17025,
17026,
17027,
17028,
17029,
17030,
17031,
17032,
17033,
17034,
17035,
17036,
17037,
17038,
17039,
17040,
17041,
17042,
17043,
17044,
17045,
17046,
17047,
17048,
17049,
17050,
17051,
17052,
17053,
17054,
17055,
17056,
17057,
17058,
17059,
17060,
17061,
17062,
17063,
17064,
17065,
17066,
17067,
17068,
17069,
17070,
17071,
17072,
17073,
17074,
17075,
17076,
17077,
17078,
17079,
17080,
17081,
17082,
17083,
17084,
17085,
17086,
17087,
17088,
17089,
17090,
17091,
17092,
17093,
17094,
17095,
17096,
17097,
17098,
17099,
17100,
17101,
18099,
18100,
18101,
18102,
18103,
18384,
18697,
18838,
18839,
18841,
18846,
18947,
18949,
19662,
19663,
19664,
19665,
19666,
19667,
19668,
19716,
19717,
19718,
19719,
19720,
20639,
20640,
20641,
20642,
20643,
20682,
21070,
21071,
21072,
21073,
21074,
21075,
21331,
21332,
21333,
21334,
21335,
21338,
21339,
21345,
21353,
21354,
21355,
21356,
21357,
21358,
21359,
21367,
21368,
21369,
21370,
21371,
21372,
21373,
21374,
21375,
21376,
21377,
21378,
21379,
21380,
21381,
21382,
21383,
21384,
21385,
21386,
21387,
21388,
21389,
21390,
21391,
21392,
21393,
21783,
21784,
21785,
21786,
21787,
22173,
22174,
22175,
22176,
22177,
22178,
22179,
22246,
22247,
22248,
22249,
22250,
22251,
22252,
24703,
24704,
24705,
24706,
24707,
24775,
24776,
24777,
24778,
24779,
24780,
24781,
24782,
24783,
24784,
24785,
24786,
24787,
24815,
24816,
24817,
24818,
24819,
24820,
24821,
24830,
24831,
24832,
24833,
24834,
24835,
24836,
24837,
24859,
24860,
24861,
24862,
24863,
24864,
24865,
24866,
24867,
24868,
24869,
24891,
24892,
24893,
24901,
24902,
24903,
24904,
24905,
24906,
24917,
24918,
24919,
24920,
24921,
24932,
24933,
24934,
24935,
24936,
24937,
24938,
24939,
24940,
24947,
24948,
24955,
24956,
24959,
24960,
24961,
24962,
24963,
24964,
24965,
24966,
24967,
24989,
24990,
24991,
24992,
24993,
24994,
25003,
25004,
25005,
25006,
25007,
25008,
25018,
25019,
25020,
25021,
25022,
25023,
25024,
25025,
25026,
25031,
25032,
25033,
25045,
25046,
25047,
25048,
25049,
25050,
25051,
25052,
25060,
25061,
25070,
25071,
25072,
25073,
25074,
25075,
25076,
25077,
25078,
25079,
25091,
25092,
25093,
25094,
25095,
25103,
25104,
25106,
25107,
25108,
25109,
25110,
25111,
25114,
25115,
25128,
25131,
25132,
25133,
25134,
25135,
25136,
25137,
25138,
25141,
25142,
25147,
25148,
25151,
25152,
25153,
25154,
25155,
25156,
25159,
25160,
25166,
25167,
25172,
25173,
25176,
25177,
25178,
25179,
25180,
25184,
25185,
25190,
25191,
25196,
25197,
25200,
25201,
25205,
25206,
25211,
25212,
25220,
25221,
25224,
25225,
25226,
25227,
25228,
25231,
25232,
25238,
25239,
25242,
25243,
25244,
25245,
25246,
25249,
25250,
25254,
25255,
25256,
25257,
25258,
25259,
25260,
25261,
25262,
25263,
25264,
25275,
25276,
25277,
25278,
25279,
25280,
25281,
25282,
25283,
25284,
25293,
25294,
25295,
25296,
25297,
25305,
25306,
25307,
25308,
25309,
25310,
25311,
25312,
25313,
25314,
25315,
25316,
25327,
25328,
25329,
25330,
25339,
25340,
25341,
25342,
25343,
25344,
25345,
25346,
25347,
25348,
25349,
25350,
25351,
25352,
25360,
25361,
25362,
25363,
25364,
25365,
25366,
25367,
25368,
25369,
25376,
25377,
25378,
25379,
25380,
25381,
25382,
25383,
25384,
25385,
25390,
25391,
25392,
25393,
25394,
25395,
25396,
25397,
25401,
25402,
25403,
25404,
25409,
25410,
25411,
25412,
25413,
25414,
25415,
25416,
25417,
25422,
25423,
25424,
25425,
25429,
25430,
25431,
25432,
25433,
25434,
25435,
25436,
25437,
25438,
25444,
25445,
25446,
25447,
25452,
25453,
25454,
25455,
25456,
25457,
25458,
25459,
25465,
25466,
25467,
25474,
25475,
25476,
25477,
25478,
25479,
25483,
25484,
25485,
25486,
25487,
25488,
25489,
25490,
25491,
25492,
25493,
25494,
25498,
25499,
25501,
25502,
25503,
25504,
25505,
25506,
25507,
25508,
25509,
25511,
25512,
25517,
25518,
25520,
25521,
25522,
25523,
25524,
25525,
25526,
25527,
25529,
25530,
25533,
25534,
25537,
25538,
25539,
25540,
25541,
25542,
25543,
25544,
25545,
25546,
25547,
25548,
25549,
25551,
25552,
25557,
25558,
25560,
25561,
25562,
25563,
25564,
25565,
25566,
25567,
25568,
25569,
25570,
25571,
25572,
25573,
25574,
25575,
25576,
25577,
25578,
25579,
25581,
25582,
25585,
25586,
25587,
25588,
25589,
25590,
25591,
25592,
25593,
25594,
25598,
25599,
25600,
25601,
25602,
25603,
25604,
25605,
25606,
25607,
25608,
25609,
25610,
25611,
25612,
25613,
25614,
25615,
25616,
25617,
25618,
25619,
25620,
25621,
25622,
25623,
25624,
25625,
25626,
25627,
25628,
25629,
25630,
25631,
25632,
25633,
25634,
25635,
25636,
25637,
25638,
25639,
25640,
25641,
25642,
25643,
25644,
25645,
25646,
25647,
25648,
25649,
25650,
25651,
25652,
25653,
25654,
25655,
25656,
25657,
25658,
25659,
25660,
25661,
25662,
25663,
25664,
25665,
25666,
25667,
25668,
25669,
25670,
25671,
25672,
25673,
25674,
25675,
25676,
25677,
25678,
25679,
25680,
25682,
25683,
25684,
25685,
25686,
25687,
25688,
25689,
25690,
25691,
25692,
25693,
25694,
25695,
25696,
25697,
25698,
25699,
25700,
25701,
25702,
25703,
25704,
25705,
25706,
25707,
25708,
25709,
25710,
25711,
25712,
25713,
25714,
25715,
25716,
25717,
25718,
25719,
25720,
25721,
25722,
25723,
25724,
25725,
25726,
25727,
25728,
25729,
25730,
25731,
25732,
25733,
25734,
25735,
25736,
25737,
25738,
25739,
25740,
25743,
25744,
25745,
25746,
25747,
25748,
25749,
25750,
25751,
25752,
25753,
25757,
25758,
25759,
25760,
25761,
25762,
25763,
25764,
25765,
25766,
25767,
25768,
25769,
25770,
25771,
25772,
25773,
25774,
25775,
25776,
25777,
25778,
25779,
25780,
25781,
25785,
25786,
25807,
25808,
25809,
25810,
25811,
25812,
25813,
25814,
25815,
25816,
25837,
25838,
25839,
25840,
25841,
25842,
25843,
25844,
25845,
25854,
25855,
25856,
25857,
25858,
25859,
25866,
25867,
25873,
25880,
25881,
25882,
25883,
25892,
25893,
25894,
25895,
25896,
25906,
25907,
25908,
25909,
25910,
25911,
25912,
25913,
25914,
25925,
25926,
25927,
25933,
25934,
25939,
25940,
25950,
25951,
25952,
25953,
25954,
25959,
25973,
25974,
25975,
25976,
25977,
25978,
26054,
26055,
26056,
26069,
26072,
26073,
26082,
26083,
26086,
26091,
26092,
26205,
26206,
26207,
26208,
26209,
26210,
26211,
26212,
26221,
26222,
26223,
26230,
26231,
26245,
26246,
26247,
26248,
26249,
26250,
26251,
26252,
26262,
26263,
26264,
26265,
26272,
26273,
26285,
26286,
26293,
26294,
26295,
26307,
26308,
26309,
26310,
26311,
26312,
26313,
26314,
26315,
26316,
26329,
26330,
26332,
26333,
26334,
26335,
26349,
26350,
26351,
26352,
26353,
26354,
26379,
26380,
26381,
26382,
26383,
26384,
26398,
26399,
26400,
26401,
26413,
26414,
26415,
26416,
26417,
26418,
26419,
26429,
26430,
26431,
26443,
26444,
26445,
26446,
26447,
26459,
26460,
26461,
26462,
26463,
26464,
26465,
26466,
26467,
26468,
26469,
26470,
26493,
26494,
26495,
26496,
26497,
26498,
26499,
26500,
26510,
26511,
26526,
26527,
26528,
26529,
26530,
26531,
26541,
26542,
26543,
26544,
26545,
26546,
26547,
26558,
26559,
26560,
26561,
26568,
26569,
26574,
26575,
26576,
26577,
26578,
26579,
26589,
26590,
26596,
26597,
26606,
26607,
26614,
26615,
26616,
26617,
26618,
26624,
26625,
26706,
26707,
26710,
26711,
26712,
26713,
26714,
26715,
26716,
26719,
26720,
26769,
26770,
26775,
26776,
26777,
26778,
26779,
26812,
26813,
26816,
26817,
26818,
26851,
26856,
26857,
26858,
26859,
26918,
26919,
26924,
26925,
26996,
26997,
27001,
27002,
27003,
27004,
27005,
27006,
27007,
27011,
27012,
27017,
27025,
27026,
27027,
27058,
27063,
27064,
27067,
27110,
27111,
27112,
27113,
27116,
27117,
27132,
27135,
27136,
27137,
27138,
27139,
27140,
27141,
27142,
27143,
27144,
27145,
27146,
27147,
27148,
27149,
27150,
27151,
27152,
27153,
27154,
27155,
27169,
27170,
27171,
27175,
27176,
27178,
27194,
27197,
27198,
27202,
27223,
27224,
27225,
27226,
27227,
27228,
27258,
27259,
27260,
27261,
27262,
27263,
27284,
27285,
27286,
27287,
27288,
27289,
27290,
27291,
27294,
27330,
27331,
27332,
27333,
27334,
27382,
27383,
27386,
27387,
27388,
27407,
27408,
27409,
27410,
27411,
27412,
27423,
27424,
27425,
27427,
27428,
27429,
27441,
27442,
27443,
27444,
27445,
27472,
27473,
27474,
27475,
27476,
27477,
27479,
27487,
27517,
27522,
27523,
27524,
27535,
27536,
27539,
27542,
27543,
27578,
27579,
27581,
27582,
27583,
27584,
27585,
27599,
27600,
27603,
27604,
27624,
27625,
27627,
27628,
27629,
27630,
27658,
27664,
27665,
27666,
27676,
27677,
27678,
27679,
27683,
27684,
27685,
27699,
27700,
27701,
27705,
27706,
27707,
27726,
27727,
27728,
27729,
27730,
27731,
27732,
27744,
27745,
27746,
27747,
27748,
27749,
27750,
27775,
27776,
27777,
27778,
27779,
27793,
27794,
27795,
27797,
27798,
27820,
27821,
27823,
27824,
27825,
27826,
27827,
27878,
27881,
27882,
27883,
27884,
27887,
27888,
27913,
27914,
27915,
27917,
27928,
27929,
27930,
27932,
27933,
27934,
27950,
27951,
27952,
27954,
27955,
27956,
27957,
27972,
27973,
27974,
27975,
27976,
27977,
28006,
28007,
28008,
28009,
28010,
28011,
28025,
28026,
28027,
28028,
28029,
28030,
28048,
28049,
28050,
28051,
28052,
28053,
28063,
28064,
28065,
28066,
28086,
28087,
28088,
28099,
28100,
28101,
28107,
28108,
28109,
28110,
28115,
28116,
28124,
28125,
28126,
28139,
28140,
28141,
28142,
28153,
28154,
28155,
28156,
28157,
28174,
28175,
28176,
28177,
28178,
28179,
28191,
28192,
28193,
28194,
28195,
28196,
28208,
28209,
28210,
28211,
28212,
28213,
28215,
28231,
28234,
28235,
28236,
28237,
28238,
28250,
28251,
28252,
28254,
28271,
28272,
28273,
28274,
28275,
28285,
28286,
28287,
28288,
28289,
28290,
28307,
28308,
28309,
28310,
28311,
28312,
28313,
28329,
28330,
28331,
28332,
28333,
28334,
28343,
28344,
28345,
28346,
28347,
28387,
28388,
28389,
28391,
28392,
28393,
28394,
28404,
28405,
28406,
28408,
28409,
28410,
28423,
28424,
28425,
28427,
28428,
28429,
28438,
28441,
28442,
28443,
28461,
28462,
28463,
28465,
28466,
28467,
28477,
28493,
28501,
28502,
28503,
28524,
28525,
28526,
28527,
28555,
28556,
28557,
28558,
28559,
28571,
28572,
28573,
28574,
28575,
28576,
28578,
28587,
28588,
28589,
28590,
28591,
28592,
28596,
28599,
28600,
28613,
28617,
28618,
28631,
28632,
28633,
28634,
28635,
28636,
28646,
28647,
28648,
28649,
28650,
28651,
28652,
28654,
28655,
28677,
28678,
28679,
28690,
28691,
28692,
28693,
28694,
28703,
28704,
28705,
28706,
28707,
28708,
28709,
28711,
28712,
28722,
28723,
28724,
28725,
28726,
28727,
28732,
28733,
28734,
28744,
28746,
28747,
28752,
28756,
28757,
28759,
28771,
28772,
28773,
28777,
28778,
28779,
28780,
28781,
28786,
28787,
28788,
28803,
28804,
28805,
28810,
28814,
28815,
28816,
28834,
28835,
28836,
28837,
28843,
28844,
28847,
28848,
28864,
28865,
28866,
28867,
28868,
28884,
28885,
28886,
28888,
28889,
28890,
28891,
28901,
28902,
28903,
28904,
28906,
28907,
28908,
28929,
28930,
28931,
28932,
28935,
28936,
28937,
28938,
28939,
28940,
28941,
28947,
28948,
28949,
28970,
28971,
28972,
28973,
28974,
28975,
28987,
28988,
28989,
28998,
28999,
29000,
29001,
29002,
29003,
29004,
29007,
29010,
29011,
29015,
29018,
29019,
29020,
29021,
29022,
29023,
29025,
29031,
29032,
29033,
29034,
29035,
29040,
29042,
29043,
29044,
29045,
29047,
29052,
29053,
29054,
29055,
29056,
29057,
29058,
29059,
29060,
29061,
29062,
29063,
29064,
29065,
29066,
29075,
29076,
29077,
29078,
29079,
29080,
29081,
29082,
29083,
29084,
29085,
29086,
29087,
29094,
29095,
29096,
29097,
29098,
29099,
29100,
29101,
29102,
29103,
29104,
29105,
29106,
29107,
29110,
29111,
29114,
29115,
29116,
29117,
29118,
29121,
29122,
29124,
29125,
29126,
29127,
29128,
29129,
29130,
29131,
29132,
29141,
29158,
29159,
29160,
29162,
29185,
29186,
29187,
29188,
29189,
29190,
29221,
29222,
29223,
29224,
29225,
29226,
29237,
29239,
29240,
29241,
29242,
29243,
29244,
29245,
29246,
29247,
29248,
29249,
29251,
29288,
29290,
29301,
29302,
29304,
29308,
29309,
29332,
29334,
29358,
29359,
29361,
29362,
29363,
29364,
29365,
29373,
29382,
29383,
29388,
29389,
29390,
29412,
29413,
29414,
29415,
29416,
29417,
29418,
29438,
29439,
29440,
29441,
29462,
29463,
29464,
29465,
29477,
29479,
29480,
29491,
29492,
29493,
29494,
29495,
29496,
29497,
29511,
29512,
29514,
29515,
29539,
29540,
29542,
29543,
29544,
29559,
29560,
29561,
29562,
29603,
29608,
29609,
29610,
29611,
29629,
29630,
29631,
29632,
29633,
29634,
29681,
29682,
29683,
29684,
29685,
29686,
29733,
29734,
29735,
29736,
29737,
29738,
29820,
29821,
29844,
29875,
29876,
29877,
29878,
29879,
29880,
29881,
29904,
29905,
29935,
29936,
29937,
29938,
29939,
29940,
29941,
29989,
29990,
29991,
29993,
30028,
30029,
30030,
30031,
30032,
30033,
30034,
30047,
30075,
30076,
30077,
30078,
30079,
30080,
30098,
30099,
30100,
30101,
30102,
30103,
30104,
30137,
30138,
30139,
30140,
30141,
30189,
30190,
30191,
30192,
30251,
30252,
30253,
30255,
30290,
30291,
30292,
30293,
30294,
30326,
30327,
30328,
30330,
30350,
30352,
30353,
30354,
30355,
30356,
30357,
30414,
30419,
30420,
30421,
30444,
30446,
30447,
30448,
30449,
30450,
30451,
30475,
30476,
30477,
30478,
30479,
30480,
30510,
30511,
30512,
30513,
30515,
30516,
30539,
30540,
30542,
30543,
30544,
30554,
30556,
30557,
30558,
30559,
30560,
30561,
30562,
30564,
30569,
30570,
30580,
30581,
30582,
30583,
30584,
30595,
30596,
30597,
30600,
30601,
30602,
30606,
30607,
30608,
30609,
30670,
30671,
30684,
30685,
30686,
30690,
30691,
30692,
30693,
30711,
30712,
30713,
30714,
30715,
30727,
30728,
30729,
30730,
30731,
30732,
30733,
30752,
30753,
30754,
30755,
30756,
30769,
30770,
30771,
30772,
30773,
30774,
30775,
30819,
30820,
30821,
30822,
30832,
30833,
30834,
30835,
30851,
30852,
30853,
30854,
30855,
30856,
30869,
30870,
30871,
30872,
30873,
30874,
30875,
30876,
30877,
30878,
30879,
30880,
30882,
30883,
30902,
30903,
30904,
30905,
30917,
30918,
30919,
30920,
30921,
30933,
30934,
30935,
30937,
30938,
30939,
30950,
30951,
30952,
30953,
30954,
30955,
30956,
30992,
30993,
30994,
30995,
30996,
30997,
30998,
31027,
31030,
31031,
31032,
31033,
31062,
31063,
31065,
31066,
31067,
31068,
31089,
31090,
31091,
31092,
31102,
31103,
31104,
31105,
31106,
31107,
31109,
31124,
31125,
31135,
31136,
31139,
31142,
31143,
31166,
31168,
31169,
31170,
31171,
31191,
31192,
31193,
31194,
31196,
31197,
31219,
31220,
31221,
31222,
31242,
31243,
31244,
31245,
31246,
31276,
31277,
31278,
31280,
31301,
31303,
31304,
31305,
31306,
31307,
31324,
31327,
31354,
31356,
31357,
31358,
31359,
31360,
31361,
31402,
31403,
31404,
31405,
31406,
31407,
31563,
31564,
31565,
31566,
31572,
31786,
31787,
31788,
31789,
31790,
32116,
32117,
32118,
32119,
32120,
32272,
32273,
32274,
32276,
32277,
32278,
32279,
32512,
32513,
32514,
32516,
32517,
32593,
32594,
32596,
32597,
32598,
32604,
32715,
32716,
32717,
32719,
32720,
32788,
32790,
32791,
32792,
32872,
32873,
32874,
32875,
32876,
32877,
32878,
33013,
33014,
33015,
33016,
33017,
33018,
33074,
33075,
33077,
33078,
33079,
33080,
33081,
33159,
33160,
33162,
33163,
33169,
33274,
33275,
33276,
33280,
33281,
33283,
33408,
33954,
33955,
33957,
34195,
34196,
34197,
34198,
34199,
34200,
34201,
34229,
34230,
34282,
34284,
34285,
34330,
34331,
34333,
34334,
34393,
34395,
34396,
34397,
34450,
34451,
34452,
34453,
34454,
34455,
34457,
34510,
34511,
34512,
34517,
34518,
34545,
34546,
34547,
34548,
34549,
34550,
34551,
34648,
34650,
34651,
34652,
34653,
34690,
34691,
34692,
34693,
34694,
34696,
34742,
34744,
34745,
34761,
34762,
34763,
34764,
34766,
34767,
34768,
34786,
34792,
34793,
34794,
34795,
34811,
34812,
34818,
34819,
34836,
34837,
34841,
34842,
34843,
34877,
34878,
34880,
34895,
34896,
34897,
34898,
34899,
34901,
34902,
34926,
34927,
34929,
34930,
34931,
34932,
34933,
34947,
34948,
34954,
34955,
35017,
35018,
35019,
35020,
35034,
35035,
35036,
35038,
35039,
35062,
35063,
35064,
35065,
35066,
35067,
35096,
35097,
35098,
35099,
35100,
35101,
35102,
35129,
35130,
35131,
35132,
35133,
35148,
35154,
35155,
35156,
35157,
35158,
35176,
35177,
35179,
35180,
35181,
35191,
35192,
35193,
35194,
35195,
35197,
35198,
35215,
35216,
35218,
35219,
35220,
35221,
35222,
35242,
35273,
35274,
35275,
35276,
35277,
35278,
35279,
35280,
35281,
35282,
35292,
35306,
35307,
35308,
35312,
35313,
35345,
35346,
35347,
35348,
35349,
35359,
35360,
35361,
35362,
35363,
35364,
35365,
35376,
35377,
35379,
35380,
35381,
35382,
35383,
35401,
35402,
35403,
35404,
35405,
35406,
35407,
35421,
35434,
35435,
35436,
35437,
35438,
35440,
35451,
35452,
35453,
35469,
35470,
35471,
35472,
35473,
35474,
35475,
35485,
35486,
35488,
35489,
35490,
35491,
35492,
35498,
35504,
35505,
35506,
35507,
35508,
35509,
35510,
35511,
35514,
35515,
35529,
35530,
35531,
35532,
35533,
35534,
35535,
35545,
35546,
35548,
35549,
35550,
35551,
35552,
35553,
35555,
35556,
35573,
35574,
35576,
35577,
35579,
35580,
35589,
35590,
35591,
35597,
35601,
35602,
35604,
35612,
35613,
35614,
35615,
35621,
35622,
35627,
35629,
35636,
35637,
35638,
35639,
35645,
35646,
35648,
35649,
35650,
35651,
35652,
35653,
35654,
35655,
35664,
35665,
35666,
35667,
35668,
35669,
35670,
35677,
35681,
35682,
35689,
35690,
35691,
35692,
35693,
35694,
35701,
35702,
35703,
35707,
35708,
35709,
35710,
35711,
35712,
35718,
35719,
35734,
35735,
35736,
35738,
35739,
35740,
35741,
35749,
35750,
35751,
35752,
35761,
35762,
35767,
35768,
35769,
35770,
35771,
35772,
35773,
35774,
35777,
35780,
35787,
35788,
35789,
35790,
36321,
36322,
36323,
36324,
36325,
36618,
36619,
36620,
36627,
36715,
36716,
36717,
36718,
36719,
36720,
36855,
36856,
36857,
36858,
36859,
36860,
36861,
37023,
37024,
37026,
37027,
37028,
37029,
37030,
37350,
37351,
37352,
37353,
37354,
37355,
37356,
37357,
37358,
37359,
37360,
37361,
37362,
37363,
37364,
37365,
37366,
37367,
37368,
37369,
37370,
37371,
37372,
37373,
37374,
37375,
37376,
37377,
37378,
37380,
37381,
37382,
37383,
37384,
37385,
37386,
37387,
37388,
37389,
37390,
37391,
37392,
37393,
37394,
37395,
37396,
37397,
37398,
37399,
37400,
37401,
37402,
37403,
37404,
37405,
37406,
37407,
37408,
37409,
37410,
37411,
37412,
37413,
37414,
37415,
37416,
37417,
37418,
37419,
37420,
37421,
37422,
37423,
37424,
37425,
37426,
37427,
37428,
37429,
37430,
37431,
37432,
37433,
37434,
37435,
37436,
37437,
37438,
37439,
37440,
37441,
37442,
37443,
37444,
37445,
37446,
37447,
37448,
37449,
37450,
37451,
37452,
37453,
37454,
37455,
37456,
37457,
37458,
37459,
37460,
37461,
37462,
37463,
37464,
37465,
37466,
37467,
37468,
37469,
37470,
37471,
37472,
37473,
37474,
37475,
37476,
37477,
37478,
37479,
37480,
37481,
37482,
37483,
37484,
37485,
